id,title,condition,price,currency_id,available_quantity,permalink,thumbnail,seller_id,category_id,base_price,warranty
MLA918072516,Google Nest Mini Nest Mini 2nd Gen Con Asistente Virtual Google Assistant Chalk 110v/220v,new,66490.5,ARS,0,https://articulo.mercadolibre.com.ar/MLA-918072516-google-nest-mini-nest-mini-2nd-gen-con-asistente-virtual-google-assistant-chalk-110v220v-_JM,http://http2.mlstatic.com/D_748685-MLA45255603145_032021-I.jpg,119914491,MLA409415,66490.5,Garantía del vendedor: 6 meses
MLA1146279904,Google Home Mini Con Asistente Virtual Google Assistant Coral 110v/220v,new,69591.3,ARS,0,https://articulo.mercadolibre.com.ar/MLA-1146279904-google-home-mini-con-asistente-virtual-google-assistant-coral-110v220v-_JM,http://http2.mlstatic.com/D_747055-MLA51559102373_092022-I.jpg,309453406,MLA409415,69591.3,Garantía del vendedor: 6 meses
MLA1427416221,"Google Nest Hub Con Asistente Virtual Google Assistant, Pantalla Integrada De 7  Chalk 110v/220v",new,217252,ARS,0,https://articulo.mercadolibre.com.ar/MLA-1427416221-google-nest-hub-con-asistente-virtual-google-assistant-pantalla-integrada-de-7-chalk-110v220v-_JM,http://http2.mlstatic.com/D_774989-MLA43070779446_082020-I.jpg,1093572823,MLA409415,217252,Garantía del vendedor: 30 días
MLA936088119,"Google Nest Hub 2nd Gen Con Asistente Virtual Google Assistant, Pantalla Integrada De 7  Charcoal 110v/220v",new,329999,ARS,0,https://articulo.mercadolibre.com.ar/MLA-936088119-google-nest-hub-2nd-gen-con-asistente-virtual-google-assistant-pantalla-integrada-de-7-charcoal-110v220v-_JM,http://http2.mlstatic.com/D_678299-MLA48754487602_012022-I.jpg,482880972,MLA409415,329999,Garantía del vendedor: 3 meses
MLA1518314868,"Google Nest Hub Con Asistente Virtual Google Assistant, Pantalla Integrada De 7  Charcoal 110v/220v",new,299240.5,ARS,0,https://articulo.mercadolibre.com.ar/MLA-1518314868-google-nest-hub-con-asistente-virtual-google-assistant-pantalla-integrada-de-7-charcoal-110v220v-_JM,http://http2.mlstatic.com/D_740239-MLA43071191161_082020-I.jpg,309453406,MLA409415,299240.5,Garantía del vendedor: 3 meses
MLA873351413,Google Home Mini Asistente Virtual Bulk - Sin Caja - Envío ,new,59998,ARS,0,https://articulo.mercadolibre.com.ar/MLA-873351413-google-home-mini-asistente-virtual-bulk-sin-caja-envio-_JM,http://http2.mlstatic.com/D_858772-MLA43168430717_082020-I.jpg,247639927,MLA409415,59998,Garantía del vendedor: 30 días
MLA1384134643,Google Home Mini Versión Bulk/ Sin Caja/ Cargador Original!,new,59997,ARS,0,https://articulo.mercadolibre.com.ar/MLA-1384134643-google-home-mini-version-bulk-sin-caja-cargador-original-_JM,http://http2.mlstatic.com/D_793296-MLA71226340581_082023-I.jpg,247639927,MLA409415,59997,Garantía del vendedor: 30 días
MLA873646326,Google Home Mini Asistente Virtual Bulk - Sin Caja - Oferta!,new,59994,ARS,0,https://articulo.mercadolibre.com.ar/MLA-873646326-google-home-mini-asistente-virtual-bulk-sin-caja-oferta-_JM,http://http2.mlstatic.com/D_858772-MLA43168430717_082020-I.jpg,247639927,MLA409415,59994,Garantía del vendedor: 30 días
MLA1125935779,Google Home Mini + Chromecast 2nd Generation Netflix Spotify,new,109990,ARS,0,https://articulo.mercadolibre.com.ar/MLA-1125935779-google-home-mini-chromecast-2nd-generation-netflix-spotify-_JM,http://http2.mlstatic.com/D_606031-MLA51092949052_082022-I.jpg,119914491,MLA409415,109990,Garantía del vendedor: 6 meses
MLA1392498187,Google Home Mini Asistente Virtual Bulk Bolsa Nuevo Gtia +,new,101774,ARS,0,https://articulo.mercadolibre.com.ar/MLA-1392498187-google-home-mini-asistente-virtual-bulk-bolsa-nuevo-gtia--_JM,http://http2.mlstatic.com/D_891716-MLA72222350978_102023-I.jpg,53971387,MLA409415,101774,Garantía del vendedor: 6 meses
MLA873351456,Google Home Mini Asistente - Bulk - Sin Caja - Fuente 220v ,new,59995,ARS,0,https://articulo.mercadolibre.com.ar/MLA-873351456-google-home-mini-asistente-bulk-sin-caja-fuente-220v-_JM,http://http2.mlstatic.com/D_858772-MLA43168430717_082020-I.jpg,247639927,MLA409415,59995,Garantía del vendedor: 30 días
MLA873350814,Google Home Mini Asistente Virtual Bulk - Sin Caja / Cuot.s!,new,79998,ARS,0,https://articulo.mercadolibre.com.ar/MLA-873350814-google-home-mini-asistente-virtual-bulk-sin-caja-cuots-_JM,http://http2.mlstatic.com/D_858772-MLA43168430717_082020-I.jpg,247639927,MLA409415,79998,Garantía del vendedor: 30 días
MLA1376911913,Google Home Mini Con Asistente Virtual Google Assistant Chalk 110v/220v,new,128999,ARS,0,https://articulo.mercadolibre.com.ar/MLA-1376911913-google-home-mini-con-asistente-virtual-google-assistant-chalk-110v220v-_JM,http://http2.mlstatic.com/D_925569-MLU72639569259_112023-I.jpg,56599171,MLA409415,128999,Garantía del vendedor: 6 meses
MLA1432938839,Google Home Mini Con Asistente Virtual Google Assistant Charcoal 110v/220v,new,87800,ARS,0,https://articulo.mercadolibre.com.ar/MLA-1432938839-google-home-mini-con-asistente-virtual-google-assistant-charcoal-110v220v-_JM,http://http2.mlstatic.com/D_600981-MLU72605014728_112023-I.jpg,131666175,MLA409415,87800,Garantía de fábrica: 3 meses
MLA930506223,Soporte Montaje Embutido Pared Google Home Hub Mountgenie,new,19900,ARS,0,https://articulo.mercadolibre.com.ar/MLA-930506223-soporte-montaje-embutido-pared-google-home-hub-mountgenie-_JM,http://http2.mlstatic.com/D_765698-MLA46838404907_072021-I.jpg,86543122,MLA409415,19900,Garantía del vendedor: 2 años
MLA1398755255,Google Home Mini Google Assistant Chalk 110v/220v Ref,new,55990,ARS,0,https://articulo.mercadolibre.com.ar/MLA-1398755255-google-home-mini-google-assistant-chalk-110v220v-ref-_JM,http://http2.mlstatic.com/D_782997-MLA73304987102_122023-I.jpg,119914491,MLA409415,55990,Garantía del vendedor: 3 meses
MLA856423228,Google Home Hub Asistente Virtual Inteligente Pantalla 7,new,237490.5,ARS,0,https://articulo.mercadolibre.com.ar/MLA-856423228-google-home-hub-asistente-virtual-inteligente-pantalla-7-_JM,http://http2.mlstatic.com/D_767057-MLA44241649700_122020-I.jpg,309453406,MLA409415,237490.5,Garantía del vendedor: 3 meses
MLA1683895992,Google Home Max Con Asistente Virtual Google Assistant Chalk 100v/240v,new,671724,ARS,0,https://articulo.mercadolibre.com.ar/MLA-1683895992-google-home-max-con-asistente-virtual-google-assistant-chalk-100v240v-_JM,http://http2.mlstatic.com/D_941273-MLA43075393812_082020-I.jpg,278897053,MLA409415,671724,Garantía del vendedor: 6 meses
MLA916372672,Google Home Hub Pantalla 7 Nest 2da Gen Asistente Virtual ,new,345100,ARS,0,https://articulo.mercadolibre.com.ar/MLA-916372672-google-home-hub-pantalla-7-nest-2da-gen-asistente-virtual-_JM,http://http2.mlstatic.com/D_838187-MLA45582948878_042021-I.jpg,245645298,MLA409415,345100,Garantía de fábrica: 3 meses
MLA1597457958,Google Home Mini Con Asistente Virtual  Charcoal Refabricado,new,49999,ARS,0,https://articulo.mercadolibre.com.ar/MLA-1597457958-google-home-mini-con-asistente-virtual-charcoal-refabricado-_JM,http://http2.mlstatic.com/D_749611-MLA73410630481_122023-I.jpg,309453406,MLA409415,49999,Garantía del vendedor: 3 meses
MLA1400539531,Google Home Mini Asistente Virtual Google Assistant Ref,new,64990,ARS,0,https://articulo.mercadolibre.com.ar/MLA-1400539531-google-home-mini-asistente-virtual-google-assistant-ref-_JM,http://http2.mlstatic.com/D_609744-MLA73594029404_122023-I.jpg,284824585,MLA409415,64990,Garantía del vendedor: 3 meses
MLA1597470910,Google Home Mini Con Google Assistant Negro Reacondicionado,new,69990,ARS,0,https://articulo.mercadolibre.com.ar/MLA-1597470910-google-home-mini-con-google-assistant-negro-reacondicionado-_JM,http://http2.mlstatic.com/D_724132-MLA73322329866_122023-I.jpg,119914491,MLA409415,69990,Garantía del vendedor: 3 meses
MLA856426768,Google Home Hub Parlante Asistente Virtual Smart Premium,new,439990,ARS,0,https://articulo.mercadolibre.com.ar/MLA-856426768-google-home-hub-parlante-asistente-virtual-smart-premium-_JM,http://http2.mlstatic.com/D_742333-MLA44248611275_122020-I.jpg,119914491,MLA409415,439990,Garantía del vendedor: 3 meses
MLA1149361692,Asistente Google Nest Hub Pantalla Smart Tactil 7´´ ,new,239992,ARS,0,https://articulo.mercadolibre.com.ar/MLA-1149361692-asistente-google-nest-hub-pantalla-smart-tactil-7-_JM,http://http2.mlstatic.com/D_774989-MLA43070779446_082020-I.jpg,119914491,MLA409415,239992,Garantía del vendedor: 3 meses
MLA1398845475,Google Home Mini Google Assistant Chalk  9 W Ref,new,71990,ARS,0,https://articulo.mercadolibre.com.ar/MLA-1398845475-google-home-mini-google-assistant-chalk-9-w-ref-_JM,http://http2.mlstatic.com/D_782997-MLA73304987102_122023-I.jpg,119914491,MLA409415,71990,Garantía del vendedor: 3 meses
MLA1392445767,Google Home Mini Asistente Virtual Bulk Sin Caja Original +,new,101774,ARS,0,https://articulo.mercadolibre.com.ar/MLA-1392445767-google-home-mini-asistente-virtual-bulk-sin-caja-original--_JM,http://http2.mlstatic.com/D_660365-MLA72222466224_102023-I.jpg,45059170,MLA409415,101774,Garantía del vendedor: 6 meses
MLA1597574484,Parlante Google Home Mini Asistente Virtual Refabricado,new,69990,ARS,0,https://articulo.mercadolibre.com.ar/MLA-1597574484-parlante-google-home-mini-asistente-virtual-refabricado-_JM,http://http2.mlstatic.com/D_796916-MLA73322349956_122023-I.jpg,284824585,MLA409415,69990,Garantía del vendedor: 3 meses
MLA873352268,Google Home Mini /bulk - Sin Caja + Cuot.s S/ Inter.s ,new,79997,ARS,0,https://articulo.mercadolibre.com.ar/MLA-873352268-google-home-mini-bulk-sin-caja-cuots-s-inters-_JM,http://http2.mlstatic.com/D_858772-MLA43168430717_082020-I.jpg,247639927,MLA409415,79997,Garantía del vendedor: 30 días
MLA1597677284,Parlante Google Home Mini Google Assistant Wifi Refabricado,new,69990,ARS,0,https://articulo.mercadolibre.com.ar/MLA-1597677284-parlante-google-home-mini-google-assistant-wifi-refabricado-_JM,http://http2.mlstatic.com/D_875624-MLA73322359484_122023-I.jpg,119914491,MLA409415,69990,Garantía del vendedor: 3 meses
MLA1401436623,Asistente De Google Nest Mini Gray,new,339696,ARS,0,https://articulo.mercadolibre.com.ar/MLA-1401436623-asistente-de-google-nest-mini-gray-_JM,http://http2.mlstatic.com/D_633091-MPE52701351627_122022-I.jpg,1618681063,MLA409415,339696,Garantía de fábrica: 12 meses
MLA1110377590,Soporte De Pared Google Mini Home / Nest Mini 2da Generacion,new,9612,ARS,0,https://articulo.mercadolibre.com.ar/MLA-1110377590-soporte-de-pared-google-mini-home-nest-mini-2da-generacion-_JM,http://http2.mlstatic.com/D_878921-MLA49388125896_032022-I.jpg,738783679,MLA409415,9612,Garantía de fábrica: 30 días
MLA1597677286,Speaker Google Home Mini Con Asistente Virtual  Refabricado,new,89990,ARS,0,https://articulo.mercadolibre.com.ar/MLA-1597677286-speaker-google-home-mini-con-asistente-virtual-refabricado-_JM,http://http2.mlstatic.com/D_727906-MLA73410571461_122023-I.jpg,309453406,MLA409415,89990,Garantía del vendedor: 3 meses
MLA856427510,Asistente Virtual Google Home Hub Parlante Voice Match Cuota,new,439990,ARS,0,https://articulo.mercadolibre.com.ar/MLA-856427510-asistente-virtual-google-home-hub-parlante-voice-match-cuota-_JM,http://http2.mlstatic.com/D_625925-MLA44248612571_122020-I.jpg,284824585,MLA409415,439990,Garantía del vendedor: 6 meses
MLA1597677282,Parlante Google Home Mini Asistente Virtual Wifi Refabricado,new,89990,ARS,0,https://articulo.mercadolibre.com.ar/MLA-1597677282-parlante-google-home-mini-asistente-virtual-wifi-refabricado-_JM,http://http2.mlstatic.com/D_796916-MLA73322349956_122023-I.jpg,284824585,MLA409415,89990,Garantía del vendedor: 3 meses
MLA1154268993,Combo Google Home Mini + Chromecast 2 Asistente Virtuales,new,139990,ARS,0,https://articulo.mercadolibre.com.ar/MLA-1154268993-combo-google-home-mini-chromecast-2-asistente-virtuales-_JM,http://http2.mlstatic.com/D_876043-MLA51180458234_082022-I.jpg,309453406,MLA409415,139990,Garantía del vendedor: 3 meses
MLA1398793543,Google Home Mini Con Asistente Virtual Google Assistant Ref,new,69990,ARS,0,https://articulo.mercadolibre.com.ar/MLA-1398793543-google-home-mini-con-asistente-virtual-google-assistant-ref-_JM,http://http2.mlstatic.com/D_670900-MLA73392967607_122023-I.jpg,284824585,MLA409415,69990,Garantía del vendedor: 3 meses
MLA1125948601,Combo Google Home Mini + Chromecast 2 Ga00379-us,new,129990,ARS,0,https://articulo.mercadolibre.com.ar/MLA-1125948601-combo-google-home-mini-chromecast-2-ga00379-us-_JM,http://http2.mlstatic.com/D_602396-MLA51092947001_082022-I.jpg,309453406,MLA409415,129990,Garantía del vendedor: 6 meses
MLA856428537,Asistente Virtual Google Home Hub Pantalla 7 Smart Nest Wifi,new,324990,ARS,0,https://articulo.mercadolibre.com.ar/MLA-856428537-asistente-virtual-google-home-hub-pantalla-7-smart-nest-wifi-_JM,http://http2.mlstatic.com/D_937852-MLA44248601718_122020-I.jpg,284824585,MLA409415,324990,Garantía del vendedor: 6 meses
MLA1398767505,Google Home Mini Con Asistente Virtual Multi-room Ref,new,79990,ARS,0,https://articulo.mercadolibre.com.ar/MLA-1398767505-google-home-mini-con-asistente-virtual-multi-room-ref-_JM,http://http2.mlstatic.com/D_884084-MLA73304879358_122023-I.jpg,309453406,MLA409415,79990,Garantía del vendedor: 3 meses
MLA1392897281,Google Home Mini Con Asistente Virtual Charcoal,new,94145.1,ARS,0,https://articulo.mercadolibre.com.ar/MLA-1392897281-google-home-mini-con-asistente-virtual-charcoal-_JM,http://http2.mlstatic.com/D_824489-MLA43058319270_082020-I.jpg,91958168,MLA409415,94145.1,Garantía de fábrica: 3 días
MLA833417329,Google Home Mini Asistente Virtual Parlante Original Español,new,96728.7,ARS,0,https://articulo.mercadolibre.com.ar/MLA-833417329-google-home-mini-asistente-virtual-parlante-original-espanol-_JM,http://http2.mlstatic.com/D_938011-MLA40355319747_012020-I.jpg,325303103,MLA409415,96728.7,Garantía del vendedor: 30 días
MLA912014012,Soporte De Pared Google Mini Home / Nest Mini 2da Generacion,new,3999,ARS,0,https://articulo.mercadolibre.com.ar/MLA-912014012-soporte-de-pared-google-mini-home-nest-mini-2da-generacion-_JM,http://http2.mlstatic.com/D_865235-MLA45428940435_042021-I.jpg,64130989,MLA409415,3999,Garantía del vendedor: 30 días
MLA1426697551,Asistente Virtual Home Google Assistant 2da Generation Blanc,new,255000,ARS,0,https://articulo.mercadolibre.com.ar/MLA-1426697551-asistente-virtual-home-google-assistant-2da-generation-blanc-_JM,http://http2.mlstatic.com/D_907041-MLA76340151171_052024-I.jpg,1093572823,MLA409415,255000,Garantía de fábrica: 30 días
MLA1110314122,Soporte Pared 45º Google Home Hub Base 138x60mm Nextsale,new,9612,ARS,0,https://articulo.mercadolibre.com.ar/MLA-1110314122-soporte-pared-45-google-home-hub-base-138x60mm-nextsale-_JM,http://http2.mlstatic.com/D_927006-MLA50108907353_052022-I.jpg,738783679,MLA409415,9612,Garantía de fábrica: 30 días
MLA1412976451,Google Home Hub Control Por Voz Pantalla Hd 7  Blanco/gris,new,269990,ARS,0,https://articulo.mercadolibre.com.ar/MLA-1412976451-google-home-hub-control-por-voz-pantalla-hd-7-blancogris-_JM,http://http2.mlstatic.com/D_651562-MLA74930300743_032024-I.jpg,119914491,MLA409415,269990,Garantía del vendedor: 3 meses
MLA1693634994,Google Home Hub Pantalla Hd 7  Wi-fi Bluetooth Sensor De Luz,new,339990,ARS,0,https://articulo.mercadolibre.com.ar/MLA-1693634994-google-home-hub-pantalla-hd-7-wi-fi-bluetooth-sensor-de-luz-_JM,http://http2.mlstatic.com/D_767083-MLA74796110632_032024-I.jpg,119914491,MLA409415,339990,Garantía del vendedor: 3 meses
MLA873351615,Google Home Mini Asistente Virtual Bulk - Sin Caja - Cuot.s,new,79995,ARS,0,https://articulo.mercadolibre.com.ar/MLA-873351615-google-home-mini-asistente-virtual-bulk-sin-caja-cuots-_JM,http://http2.mlstatic.com/D_858772-MLA43168430717_082020-I.jpg,247639927,MLA409415,79995,Garantía del vendedor: 30 días
MLA1400957805,Google Home Asistente Virtual Google Assistant White Y Slate,used,130000,ARS,0,https://articulo.mercadolibre.com.ar/MLA-1400957805-google-home-asistente-virtual-google-assistant-white-y-slate-_JM,http://http2.mlstatic.com/D_930727-MLA73758014637_012024-I.jpg,58023721,MLA409415,130000,Sin garantía
MLA1361515563,Parlante Inteligente Google Home Mini Smart Speaker Spotify,used,72990,ARS,0,https://articulo.mercadolibre.com.ar/MLA-1361515563-parlante-inteligente-google-home-mini-smart-speaker-spotify-_JM,http://http2.mlstatic.com/D_870706-MLA54199283550_032023-I.jpg,119914491,MLA409415,72990,Garantía del vendedor: 3 meses
MLA1417741441,Apple Tv Fhd 32gb 2nd Gen 2021 Black Mhy93ll/a,new,219999,ARS,0,https://articulo.mercadolibre.com.ar/MLA-1417741441-apple-tv-fhd-32gb-2nd-gen-2021-black-mhy93lla-_JM,http://http2.mlstatic.com/D_722397-MLU69379520168_052023-I.jpg,119914491,MLA352001,219999,Garantía del vendedor: 3 meses
MLA1361061092, Apple Tv 4k (wifi + Ethernet) A2843 De Voz 3.ª Generación 2022 4k 128gb Negro,new,528199,ARS,0,https://articulo.mercadolibre.com.ar/MLA-1361061092-apple-tv-4k-wifi-ethernet-a2843-de-voz-3-generacion-2022-4k-128gb-negro-_JM,http://http2.mlstatic.com/D_911533-MLA53244962397_012023-I.jpg,1017136269,MLA352001,528199,Garantía de fábrica: 12 meses
MLA1424602139,Apple Tv 4k 64gb Negro 1.ª Generación 2017,new,319990,ARS,0,https://articulo.mercadolibre.com.ar/MLA-1424602139-apple-tv-4k-64gb-negro-1-generacion-2017-_JM,http://http2.mlstatic.com/D_973117-MLA32691559270_102019-I.jpg,309453406,MLA352001,319990,Garantía del vendedor: 3 meses
MLA1424666485,Apple Tv 4k 64gb Color Negro Tipo De Control Remoto De Voz,new,269999,ARS,0,https://articulo.mercadolibre.com.ar/MLA-1424666485-apple-tv-4k-64gb-color-negro-tipo-de-control-remoto-de-voz-_JM,http://http2.mlstatic.com/D_878429-MLU71759959777_092023-I.jpg,309453406,MLA352001,269999,Garantía del vendedor: 3 meses
MLA1732679658, Apple Tv 4k (wifi) A2737 3.ª Generación 2022 4k 64gb Color Negro Tipo De Control Remoto Control De Voz,new,640200,ARS,0,https://articulo.mercadolibre.com.ar/MLA-1732679658-apple-tv-4k-wifi-a2737-3-generacion-2022-4k-64gb-color-negro-tipo-de-control-remoto-control-de-voz-_JM,http://http2.mlstatic.com/D_659915-MLU74337895205_022024-I.jpg,729785121,MLA352001,640200,Garantía del vendedor: 6 meses
MLA1143483929,Apple Tv 4k 32gb Negro 1.ª Generación 2017,new,259990,ARS,0,https://articulo.mercadolibre.com.ar/MLA-1143483929-apple-tv-4k-32gb-negro-1-generacion-2017-_JM,http://http2.mlstatic.com/D_729472-MLU74219531278_012024-I.jpg,119914491,MLA352001,259990,Garantía del vendedor: 6 meses
MLA1424655863,Apple Tv 4k 32 Gb,new,249999,ARS,0,https://articulo.mercadolibre.com.ar/MLA-1424655863-apple-tv-4k-32-gb-_JM,http://http2.mlstatic.com/D_713592-MLU70868562695_082023-I.jpg,284824585,MLA352001,249999,Garantía del vendedor: 3 meses
MLA1426291701,Apple Tv 4k 64gb Modelo A2169. Soporte Y Funda De Regalo,new,567000,ARS,0,https://articulo.mercadolibre.com.ar/MLA-1426291701-apple-tv-4k-64gb-modelo-a2169-soporte-y-funda-de-regalo-_JM,http://http2.mlstatic.com/D_720512-MLA71496596751_092023-I.jpg,44820200,MLA352001,567000,Garantía de fábrica: 12 meses
MLA1424590035,Apple Tv 4k 32gb 1st Gen Media Streaming Player Netflix ,new,249999,ARS,0,https://articulo.mercadolibre.com.ar/MLA-1424590035-apple-tv-4k-32gb-1st-gen-media-streaming-player-netflix-_JM,http://http2.mlstatic.com/D_863749-MLU70835919616_082023-I.jpg,119914491,MLA352001,249999,Garantía del vendedor: 3 meses
MLA1806378888, Apple Tv 4k A2169 64gb 2021 Ethernet Thread - Segunda Gen.,new,549999.99,ARS,0,https://articulo.mercadolibre.com.ar/MLA-1806378888-apple-tv-4k-a2169-64gb-2021-ethernet-thread-segunda-gen-_JM,http://http2.mlstatic.com/D_677886-MLA74782155651_022024-I.jpg,7195201,MLA352001,549999.99,Garantía del vendedor: 3 meses
MLA1424707689,Apple Tv 4k 32gb 1st Gen Netflix Hbo Prime Video Disney+,new,309999,ARS,0,https://articulo.mercadolibre.com.ar/MLA-1424707689-apple-tv-4k-32gb-1st-gen-netflix-hbo-prime-video-disney-_JM,http://http2.mlstatic.com/D_863749-MLU70835919616_082023-I.jpg,284824585,MLA352001,309999,Garantía del vendedor: 3 meses
MLA1719499042,Streaming Apple Tv Fhd 32gb 2nd Gen 2021 Black Mhy93ll/a ,new,259999,ARS,0,https://articulo.mercadolibre.com.ar/MLA-1719499042-streaming-apple-tv-fhd-32gb-2nd-gen-2021-black-mhy93lla-_JM,http://http2.mlstatic.com/D_722397-MLU69379520168_052023-I.jpg,119914491,MLA352001,259999,Garantía del vendedor: 3 meses
MLA1424706597,Apple Tv 4k 32gb 1st Gen Netflix Prime Video Disney+ Hbo ,new,309999,ARS,0,https://articulo.mercadolibre.com.ar/MLA-1424706597-apple-tv-4k-32gb-1st-gen-netflix-prime-video-disney-hbo-_JM,http://http2.mlstatic.com/D_863749-MLU70835919616_082023-I.jpg,119914491,MLA352001,309999,Garantía del vendedor: 3 meses
MLA1424614931,Apple Tv 4k 64gb 1st Gen Netflix Disney+ Hbo Prime Video,new,329999,ARS,0,https://articulo.mercadolibre.com.ar/MLA-1424614931-apple-tv-4k-64gb-1st-gen-netflix-disney-hbo-prime-video-_JM,http://http2.mlstatic.com/D_878429-MLU71759959777_092023-I.jpg,309453406,MLA352001,329999,Garantía del vendedor: 3 meses
MLA1594852796, Apple Tv 4k A2169 De Voz 2.ª Generación 2021 4k 64gb Negro,new,763400,ARS,0,https://articulo.mercadolibre.com.ar/MLA-1594852796-apple-tv-4k-a2169-de-voz-2-generacion-2021-4k-64gb-negro-_JM,http://http2.mlstatic.com/D_677886-MLA74782155651_022024-I.jpg,244022676,MLA352001,763400,Garantía del vendedor: 1 meses
MLA1453365954, Apple Tv 4k A2169 De Voz 2.ª Generación 2021 4k 32gb Negro,new,699997,ARS,0,https://articulo.mercadolibre.com.ar/MLA-1453365954-apple-tv-4k-a2169-de-voz-2-generacion-2021-4k-32gb-negro-_JM,http://http2.mlstatic.com/D_677886-MLA74782155651_022024-I.jpg,173426652,MLA352001,699997,Garantía del vendedor: 6 meses
MLA1113738408,Apple Tv 4k 64gb 5th Gen Hbo Netflix Prime Video Spotify,new,249990,ARS,0,https://articulo.mercadolibre.com.ar/MLA-1113738408-apple-tv-4k-64gb-5th-gen-hbo-netflix-prime-video-spotify-_JM,http://http2.mlstatic.com/D_912475-MLA48341094984_112021-I.jpg,119914491,MLA352001,249990,Garantía del vendedor: 6 meses
MLA1424885963,Apple Tv 4k 128gb Wifi - Ethernet,new,490000,ARS,0,https://articulo.mercadolibre.com.ar/MLA-1424885963-apple-tv-4k-128gb-wifi-ethernet-_JM,http://http2.mlstatic.com/D_672332-MLA76182950247_052024-I.jpg,1791466217,MLA352001,490000,Sin garantía
MLA1419607821, Apple Tv A1469 Estándar 3.ª Generación ,used,76160,ARS,0,https://articulo.mercadolibre.com.ar/MLA-1419607821-apple-tv-a1469-estandar-3-generacion-_JM,http://http2.mlstatic.com/D_909769-MLA75459253300_042024-I.jpg,139762462,MLA352001,76160,Sin garantía
MLA1758724092, Apple Tv A1469 Estándar 3.ª Generación,used,48000,ARS,0,https://articulo.mercadolibre.com.ar/MLA-1758724092-apple-tv-a1469-estandar-3-generacion-_JM,http://http2.mlstatic.com/D_710144-MLA76137790655_052024-I.jpg,444038438,MLA352001,48000,Sin garantía
MLA1313569771," Apple Tv  A1625,  Negro 32gb,  Control Remoto Usado",used,125999,ARS,0,https://articulo.mercadolibre.com.ar/MLA-1313569771-apple-tv-a1625-negro-32gb-control-remoto-usado-_JM,http://http2.mlstatic.com/D_955001-MLA70917348063_082023-I.jpg,224719601,MLA352001,125999,Sin garantía
MLA1433268517, Apple Tv A1427 Estándar 3.ª Generación Full Hd 8gb ,used,89000,ARS,0,https://articulo.mercadolibre.com.ar/MLA-1433268517-apple-tv-a1427-estandar-3-generacion-full-hd-8gb-_JM,http://http2.mlstatic.com/D_601994-MLA76847832546_062024-I.jpg,21139972,MLA352001,89000,Garantía del vendedor: 30 días
MLA1413965823, Apple Tv Mc572lla Estándar 2.ª Generación 2010 Hd ,used,150000,ARS,0,https://articulo.mercadolibre.com.ar/MLA-1413965823-apple-tv-mc572lla-estandar-2-generacion-2010-hd-_JM,http://http2.mlstatic.com/D_906506-MLA75056153873_032024-I.jpg,95052759,MLA352001,150000,Garantía del vendedor: 30 días
MLA1728067370,Apple Tv 4k 32gb A1842 Negro Completo En Caja Remote Cable,used,202500,ARS,0,https://articulo.mercadolibre.com.ar/MLA-1728067370-apple-tv-4k-32gb-a1842-negro-completo-en-caja-remote-cable-_JM,http://http2.mlstatic.com/D_807094-MLA75557287907_042024-I.jpg,21097262,MLA352001,202500,Sin garantía
MLA1414056647, Apple Tv A1469 Estándar 3.ª Generación Rev. A Full Hd 8gb ,used,150000,ARS,0,https://articulo.mercadolibre.com.ar/MLA-1414056647-apple-tv-a1469-estandar-3-generacion-rev-a-full-hd-8gb-_JM,http://http2.mlstatic.com/D_758586-MLA74917840950_032024-I.jpg,95052759,MLA352001,150000,Garantía del vendedor: 30 días
MLA1422279097," Apple Tv Hd A1625, 4ª Generación 32gb, 2gb De Memoria Ram",used,165000,ARS,0,https://articulo.mercadolibre.com.ar/MLA-1422279097-apple-tv-hd-a1625-4-generacion-32gb-2gb-de-memoria-ram-_JM,http://http2.mlstatic.com/D_838823-MLA74387117722_022024-I.jpg,58594497,MLA352001,165000,Sin garantía
MLA1794555584,Apple Tv A1427 3.ª Generación Full Hd,used,80000,ARS,0,https://articulo.mercadolibre.com.ar/MLA-1794555584-apple-tv-a1427-3-generacion-full-hd-_JM,http://http2.mlstatic.com/D_746990-MLA76768134751_062024-I.jpg,233083452,MLA352001,80000,Sin garantía
MLA1813633756,Apple Tv 4k - A1842 - Muy Buen Estado.,used,210000,ARS,0,https://articulo.mercadolibre.com.ar/MLA-1813633756-apple-tv-4k-a1842-muy-buen-estado-_JM,http://http2.mlstatic.com/D_687370-MLA77072702093_062024-I.jpg,470792833,MLA352001,210000,Sin garantía
MLA1781884668, Apple Tv A1427 2.ª Generación ,used,37081.98,ARS,0,https://articulo.mercadolibre.com.ar/MLA-1781884668-apple-tv-a1427-2-generacion-_JM,http://http2.mlstatic.com/D_702057-MLA69995665359_062023-I.jpg,70102362,MLA352001,37081.98,Sin garantía
MLA1598302118,"Apple Tv 3 A1469  Full Hd Negro Completo, Sin Detalles.",used,66000.0,ARS,0,https://articulo.mercadolibre.com.ar/MLA-1598302118-apple-tv-3-a1469-full-hd-negro-completo-sin-detalles-_JM,http://http2.mlstatic.com/D_673729-MLA76636021612_062024-I.jpg,3099743,MLA352001,66000.0,Sin garantía
MLA1815122274, Apple Tv Hd A1625 64gb + Control Universal,used,169000,ARS,0,https://articulo.mercadolibre.com.ar/MLA-1815122274-apple-tv-hd-a1625-64gb-control-universal-_JM,http://http2.mlstatic.com/D_838460-MLA76886273318_062024-I.jpg,82286190,MLA352001,169000,Sin garantía
MLA1433276905,Apple Tv A1469 Estándar 3.ª Generación Excelente Estado,used,99000,ARS,0,https://articulo.mercadolibre.com.ar/MLA-1433276905-apple-tv-a1469-estandar-3-generacion-excelente-estado-_JM,http://http2.mlstatic.com/D_741080-MLA77053045513_062024-I.jpg,85057907,MLA352001,99000,Sin garantía
MLA1786456466, Apple Tv 3.ª Generación Full Hd Negro Semi-nuevo,used,60000,ARS,0,https://articulo.mercadolibre.com.ar/MLA-1786456466-apple-tv-3-generacion-full-hd-negro-semi-nuevo-_JM,http://http2.mlstatic.com/D_924503-MLA77033274119_062024-I.jpg,372786386,MLA352001,60000,Sin garantía
MLA1622879630,Apple Tv - Modelo A1469,used,250000,ARS,0,https://articulo.mercadolibre.com.ar/MLA-1622879630-apple-tv-modelo-a1469-_JM,http://http2.mlstatic.com/D_649814-MLA73767530876_012024-I.jpg,85806470,MLA352001,250000,Sin garantía
MLA1405341435, Apple Tv Hd A1625 Control De Voz 4.ª Generación,used,190000,ARS,0,https://articulo.mercadolibre.com.ar/MLA-1405341435-apple-tv-hd-a1625-control-de-voz-4-generacion-_JM,http://http2.mlstatic.com/D_872438-MLA71299940579_082023-I.jpg,136962199,MLA352001,190000,Garantía del vendedor: 1 meses
MLA1677887932,Apple Tv 3era Generación. Full Hd. Con Control Remoto Y Hdmi,used,55000,ARS,0,https://articulo.mercadolibre.com.ar/MLA-1677887932-apple-tv-3era-generacion-full-hd-con-control-remoto-y-hdmi-_JM,http://http2.mlstatic.com/D_726197-MLA74537235240_022024-I.jpg,34253391,MLA352001,55000,Sin garantía
MLA1428080643,Apple Tv 3ra Generación,used,120000,ARS,0,https://articulo.mercadolibre.com.ar/MLA-1428080643-apple-tv-3ra-generacion-_JM,http://http2.mlstatic.com/D_836292-MLA76378406130_052024-I.jpg,290895547,MLA352001,120000,Sin garantía
MLA1803418622, Apple Tv 4k A2843 De Voz 3.ª Generación 4k 128gb,used,380000,ARS,0,https://articulo.mercadolibre.com.ar/MLA-1803418622-apple-tv-4k-a2843-de-voz-3-generacion-4k-128gb-_JM,http://http2.mlstatic.com/D_999643-MLA76904240251_062024-I.jpg,183712137,MLA352001,380000,Sin garantía
MLA1795186076,Apple Tv A1469 Estándar 3.ª Generación A Full Hd 8gb Negro,used,50000,ARS,0,https://articulo.mercadolibre.com.ar/MLA-1795186076-apple-tv-a1469-estandar-3-generacion-a-full-hd-8gb-negro-_JM,http://http2.mlstatic.com/D_766870-MLA76580668964_062024-I.jpg,28052746,MLA352001,50000,Sin garantía
MLA880692414,Apple Tv 4 Generación 32 Gb,used,250000,ARS,0,https://articulo.mercadolibre.com.ar/MLA-880692414-apple-tv-4-generacion-32-gb-_JM,http://http2.mlstatic.com/D_927415-MLA43579879680_092020-I.jpg,114158442,MLA352001,250000,Sin garantía
MLA1810033418,Apple Tv A1469  3.ª G Negro Full Hd,used,50000,ARS,0,https://articulo.mercadolibre.com.ar/MLA-1810033418-apple-tv-a1469-3-g-negro-full-hd-_JM,http://http2.mlstatic.com/D_750721-MLA77009075069_062024-I.jpg,56503753,MLA352001,50000,Sin garantía
MLA1145383193, Apple Tv 4.ª Generación 2017 Full Hd 64gb Casi Nuevo,used,350000,ARS,0,https://articulo.mercadolibre.com.ar/MLA-1145383193-apple-tv-4-generacion-2017-full-hd-64gb-casi-nuevo-_JM,http://http2.mlstatic.com/D_719810-MLA50584865404_072022-I.jpg,481782249,MLA352001,350000,Sin garantía
MLA1422759707, Apple Tv  3.ª Generación Full Hd,used,65000,ARS,0,https://articulo.mercadolibre.com.ar/MLA-1422759707-apple-tv-3-generacion-full-hd-_JM,http://http2.mlstatic.com/D_906655-MLA75920103537_042024-I.jpg,186980127,MLA352001,65000,Sin garantía
MLA1556046712, Apple Tv A1469 Estándar ,used,120000,ARS,0,https://articulo.mercadolibre.com.ar/MLA-1556046712-apple-tv-a1469-estandar-_JM,http://http2.mlstatic.com/D_931252-MLA72684291155_112023-I.jpg,58987472,MLA352001,120000,Sin garantía
MLA1799086010,Apple Tv A1469 Estándar 3.ª Generación Rev. A Full Hd 8gb,used,170000,ARS,0,https://articulo.mercadolibre.com.ar/MLA-1799086010-apple-tv-a1469-estandar-3-generacion-rev-a-full-hd-8gb-_JM,http://http2.mlstatic.com/D_713693-MLA76659137994_062024-I.jpg,239551649,MLA352001,170000,
MLA1755792356, Apple Tv A1469 3.ª Generación. Perf. Estado Caja Cable Orig,used,98000,ARS,0,https://articulo.mercadolibre.com.ar/MLA-1755792356-apple-tv-a1469-3-generacion-perf-estado-caja-cable-orig-_JM,http://http2.mlstatic.com/D_904917-MLA75909912744_042024-I.jpg,12274147,MLA352001,98000,Sin garantía
MLA1374336429, Apple Tv A1469 3.ª Gen Rev. A Full Hd 8gb  Con 512mb De Ram,used,75000,ARS,0,https://articulo.mercadolibre.com.ar/MLA-1374336429-apple-tv-a1469-3-gen-rev-a-full-hd-8gb-con-512mb-de-ram-_JM,http://http2.mlstatic.com/D_939381-MLA70096950453_062023-I.jpg,12436608,MLA352001,75000,Sin garantía
MLA1399520644,Apple Tv 4k 32gb A1842 Negro (usado),used,380000,ARS,0,https://articulo.mercadolibre.com.ar/MLA-1399520644-apple-tv-4k-32gb-a1842-negro-usado-_JM,http://http2.mlstatic.com/D_725077-MLA54956413007_042023-I.jpg,246369034,MLA352001,380000,Sin garantía
MLA1415927043, Apple Tv A1469 3.ª Generación Rev. A Full Hd 8gb Negro,used,45000,ARS,0,https://articulo.mercadolibre.com.ar/MLA-1415927043-apple-tv-a1469-3-generacion-rev-a-full-hd-8gb-negro-_JM,http://http2.mlstatic.com/D_764482-MLA75217921523_032024-I.jpg,163283969,MLA352001,45000,Garantía del vendedor: 7 días
MLA1428590307,Apple Tv 4k,used,300000,ARS,0,https://articulo.mercadolibre.com.ar/MLA-1428590307-apple-tv-4k-_JM,http://http2.mlstatic.com/D_635255-MLA76603042373_052024-I.jpg,12459374,MLA352001,300000,Sin garantía
MLA1811039008,Amazon Lite Fire Tv Stick B091g4yp57 De Voz 2.ª Generación Full Hd 8gb Negro Con 1gb De Memoria Ram,new,64999,ARS,0,https://articulo.mercadolibre.com.ar/MLA-1811039008-amazon-lite-fire-tv-stick-b091g4yp57-de-voz-2-generacion-full-hd-8gb-negro-con-1gb-de-memoria-ram-_JM,http://http2.mlstatic.com/D_921432-MLA52140925321_102022-I.jpg,209752538,MLA352001,64999,Garantía del vendedor: 3 meses
MLA1744098628,Amazon Fire Tv Stick 4k 2023 Wifi 6 2gb De Ram Con Alexa Color Negro,new,85985.36,ARS,0,https://articulo.mercadolibre.com.ar/MLA-1744098628-amazon-fire-tv-stick-4k-2023-wifi-6-2gb-de-ram-con-alexa-color-negro-_JM,http://http2.mlstatic.com/D_733186-MLU75730689100_042024-I.jpg,512225720,MLA352001,85985.36,Garantía del vendedor: 12 meses
MLA1565619806,Amazon Fire Tv Stick Lite Control Por Voz Alexa Fhd 1080p Color Negro Tipo De Control Remoto De Voz,new,64349,ARS,0,https://articulo.mercadolibre.com.ar/MLA-1565619806-amazon-fire-tv-stick-lite-control-por-voz-alexa-fhd-1080p-color-negro-tipo-de-control-remoto-de-voz-_JM,http://http2.mlstatic.com/D_843463-MLU70509108856_072023-I.jpg,621229920,MLA352001,64349,Garantía del vendedor: 6 meses
MLA1741690620,Fire Tv Stick Lite Con Botones Amazon Streaming,new,65248,ARS,0,https://articulo.mercadolibre.com.ar/MLA-1741690620-fire-tv-stick-lite-con-botones-amazon-streaming-_JM,http://http2.mlstatic.com/D_629524-MPE51917703324_102022-I.jpg,315567563,MLA352001,65248,Garantía del vendedor: 6 meses
MLA1142240951,Amazon Fire Tv Stick Lite- De Voz 2.ª Generación Full Hd Negro Con 1gb De Memoria Ram,new,89333,ARS,0,https://articulo.mercadolibre.com.ar/MLA-1142240951-amazon-fire-tv-stick-lite-de-voz-2-generacion-full-hd-negro-con-1gb-de-memoria-ram-_JM,http://http2.mlstatic.com/D_972640-MLA44341353803_122020-I.jpg,680515,MLA352001,89333,Garantía de fábrica: 3 meses
MLA1613596650,Amazon Tv Stick Fire Tv Stick 4k Max K2r2te De Voz 1.ª Generación 4k 8gb Negro Con 2gb De Memoria Ram,new,87800,ARS,0,https://articulo.mercadolibre.com.ar/MLA-1613596650-amazon-tv-stick-fire-tv-stick-4k-max-k2r2te-de-voz-1-generacion-4k-8gb-negro-con-2gb-de-memoria-ram-_JM,http://http2.mlstatic.com/D_940832-MLU73213842177_122023-I.jpg,1473286957,MLA352001,87800,Garantía del vendedor: 6 meses
MLA1111950343,Amazon Fire Tv Stick De Voz 3.ª Generación Full Hd 8gb Negro Con 1gb De Memoria Ram,new,93099.05,ARS,0,https://articulo.mercadolibre.com.ar/MLA-1111950343-amazon-fire-tv-stick-de-voz-3-generacion-full-hd-8gb-negro-con-1gb-de-memoria-ram-_JM,http://http2.mlstatic.com/D_624844-MLA76398265318_052024-I.jpg,153491318,MLA352001,93099.05,Garantía del vendedor: 6 meses
MLA1395987695,Amazon Fire Tv Stick 3ra Hd Alexa Voice Remote Original,new,96760,ARS,0,https://articulo.mercadolibre.com.ar/MLA-1395987695-amazon-fire-tv-stick-3ra-hd-alexa-voice-remote-original-_JM,http://http2.mlstatic.com/D_753131-MLA47043467427_082021-I.jpg,1312428764,MLA352001,96760,Garantía del vendedor: 6 meses
MLA1424231923,Amazon Fire Tv Stick 4k Max 16 Gb Wifi 6 Ultra Rápido Color Negro,new,109479,ARS,0,https://articulo.mercadolibre.com.ar/MLA-1424231923-amazon-fire-tv-stick-4k-max-16-gb-wifi-6-ultra-rapido-color-negro-_JM,http://http2.mlstatic.com/D_759691-MLU73748474388_012024-I.jpg,451257294,MLA352001,109479,Garantía del vendedor: 30 días
MLA1400496615,Amazon Fire Tv Stick 4k De Voz 2ª Generación 4k 8gb Negro1 Con 1.5gb De Memoria Ram,new,82900,ARS,0,https://articulo.mercadolibre.com.ar/MLA-1400496615-amazon-fire-tv-stick-4k-de-voz-2-generacion-4k-8gb-negro1-con-15gb-de-memoria-ram-_JM,http://http2.mlstatic.com/D_971919-MLA74652650842_022024-I.jpg,1443311053,MLA352001,82900,Garantía del vendedor: 6 meses
MLA1424090841,Amazon Fire Tv Stick 4k De Voz 3.ª Generación 4k 8gb Negro Con 1.5gb De Memoria Ram,new,117030,ARS,0,https://articulo.mercadolibre.com.ar/MLA-1424090841-amazon-fire-tv-stick-4k-de-voz-3-generacion-4k-8gb-negro-con-15gb-de-memoria-ram-_JM,http://http2.mlstatic.com/D_784422-MLU73365004986_122023-I.jpg,288537838,MLA352001,117030,Garantía del vendedor: 6 meses
MLA1751072176,"Amazon Fire Tv Stick 4k Streaming, Con Alexa Voice Remote Color Negro",new,113100,ARS,0,https://articulo.mercadolibre.com.ar/MLA-1751072176-amazon-fire-tv-stick-4k-streaming-con-alexa-voice-remote-color-negro-_JM,http://http2.mlstatic.com/D_752901-MLU70084963645_062023-I.jpg,656691895,MLA352001,113100,Garantía del vendedor: 30 días
MLA1525962974,Amazon Fire Tv Stick Edición 2021 De Voz Full Hd 8gb Negro,new,99000,ARS,0,https://articulo.mercadolibre.com.ar/MLA-1525962974-amazon-fire-tv-stick-edicion-2021-de-voz-full-hd-8gb-negro-_JM,http://http2.mlstatic.com/D_840026-MLA48231357091_112021-I.jpg,235346211,MLA352001,99000,Garantía de fábrica: 3 meses
MLA1707874712,Amazon Fire Tv Stick 1080p Alexa Control Remoto Tz,new,69799,ARS,0,https://articulo.mercadolibre.com.ar/MLA-1707874712-amazon-fire-tv-stick-1080p-alexa-control-remoto-tz-_JM,http://http2.mlstatic.com/D_907091-MLU71759959795_092023-I.jpg,159636048,MLA352001,69799,Garantía del vendedor: 1 meses
MLA1369238847,Amazon Fire Tv Stick Lite Control De Voz Full Hd 8gb 1gb Ram,new,72999,ARS,0,https://articulo.mercadolibre.com.ar/MLA-1369238847-amazon-fire-tv-stick-lite-control-de-voz-full-hd-8gb-1gb-ram-_JM,http://http2.mlstatic.com/D_706612-MLA69348198947_052023-I.jpg,1002842391,MLA352001,72999,Sin garantía
MLA1373073449,Amazon Fire Tv Stick Lite 2022 Full Hd 8gb Streaming ,new,64999,ARS,0,https://articulo.mercadolibre.com.ar/MLA-1373073449-amazon-fire-tv-stick-lite-2022-full-hd-8gb-streaming-_JM,http://http2.mlstatic.com/D_921432-MLA52140925321_102022-I.jpg,579983671,MLA352001,64999,Garantía del vendedor: 6 meses
MLA1429640269,Amazon Fire Tv Stick 4k Ultra Hd Alexa Wifi6 2023 Gen 2,new,93999,ARS,0,https://articulo.mercadolibre.com.ar/MLA-1429640269-amazon-fire-tv-stick-4k-ultra-hd-alexa-wifi6-2023-gen-2-_JM,http://http2.mlstatic.com/D_733186-MLU75730689100_042024-I.jpg,701293922,MLA352001,93999,Garantía del vendedor: 3 meses
MLA875087652,Amazon Fire Tv Stick 4k Uhd 8gb Negro Hdmi C/ Alexa,new,84900,ARS,0,https://articulo.mercadolibre.com.ar/MLA-875087652-amazon-fire-tv-stick-4k-uhd-8gb-negro-hdmi-c-alexa-_JM,http://http2.mlstatic.com/D_653628-MLA48431250495_122021-I.jpg,86898163,MLA352001,84900,Garantía del vendedor: 12 meses
MLA1396000791,Amazon Fire Tv Stick 3ra Hd Alexa Voice Remote Original,new,87197,ARS,0,https://articulo.mercadolibre.com.ar/MLA-1396000791-amazon-fire-tv-stick-3ra-hd-alexa-voice-remote-original-_JM,http://http2.mlstatic.com/D_753131-MLA47043467427_082021-I.jpg,1312428764,MLA352001,87197,Garantía del vendedor: 6 meses
MLA1122778348,Amazon Fire Tv Stick 4k Hd Smart Tv Apps Netflix Disney  +,new,149999,ARS,0,https://articulo.mercadolibre.com.ar/MLA-1122778348-amazon-fire-tv-stick-4k-hd-smart-tv-apps-netflix-disney--_JM,http://http2.mlstatic.com/D_864838-MLA49062703106_022022-I.jpg,45059170,MLA352001,149999,Garantía de fábrica: 6 meses
MLA1109108466,Amazon Fire Tv Stick 3ra Generacion Hd Alexa  Remote,new,111718.48,ARS,0,https://articulo.mercadolibre.com.ar/MLA-1109108466-amazon-fire-tv-stick-3ra-generacion-hd-alexa-remote-_JM,http://http2.mlstatic.com/D_697815-MLA47426372604_092021-I.jpg,153491318,MLA352001,111718.48,Garantía del vendedor: 6 meses
MLA1373149393,Amazon Fire Tv Stick Lite 2022 Full Hd 8gb Streaming ,new,64999,ARS,0,https://articulo.mercadolibre.com.ar/MLA-1373149393-amazon-fire-tv-stick-lite-2022-full-hd-8gb-streaming-_JM,http://http2.mlstatic.com/D_921432-MLA52140925321_102022-I.jpg,207527715,MLA352001,64999,Garantía del vendedor: 6 meses
MLA1422432335,Amazon Fire Tv Stick Lite- De Voz 2.ª Generación Full Hd ,new,65748,ARS,0,https://articulo.mercadolibre.com.ar/MLA-1422432335-amazon-fire-tv-stick-lite-de-voz-2-generacion-full-hd-_JM,http://http2.mlstatic.com/D_972640-MLA44341353803_122020-I.jpg,512225720,MLA352001,65748,Garantía del vendedor: 12 meses
MLA1114672681, Amazon Fire Tv Stick 4k Ultra Hd Hdr Con Alexa En Control ,new,84790,ARS,0,https://articulo.mercadolibre.com.ar/MLA-1114672681-amazon-fire-tv-stick-4k-ultra-hd-hdr-con-alexa-en-control-_JM,http://http2.mlstatic.com/D_985334-MLA48431489241_122021-I.jpg,69526727,MLA352001,84790,Garantía del vendedor: 6 meses
MLA1429657683,Amazon Fire Tv Stick 4k Ultra Hd Alexa Wifi6 2023 2º Gen 2gb,new,89999,ARS,0,https://articulo.mercadolibre.com.ar/MLA-1429657683-amazon-fire-tv-stick-4k-ultra-hd-alexa-wifi6-2023-2-gen-2gb-_JM,http://http2.mlstatic.com/D_733186-MLU75730689100_042024-I.jpg,701293922,MLA352001,89999,Garantía del vendedor: 3 meses
MLA1813200714,Amazon Fire Tv Stick 4k 3° Generación 4k 8gb N 1.5gb Ram,new,90000,ARS,0,https://articulo.mercadolibre.com.ar/MLA-1813200714-amazon-fire-tv-stick-4k-3-generacion-4k-8gb-n-15gb-ram-_JM,http://http2.mlstatic.com/D_784422-MLU73365004986_122023-I.jpg,1513101330,MLA352001,90000,Sin garantía
MLA1372865557,Amazon Fire Tv Stick Lite 2022 Full Hd 8gb Streaming ,new,64999,ARS,0,https://articulo.mercadolibre.com.ar/MLA-1372865557-amazon-fire-tv-stick-lite-2022-full-hd-8gb-streaming-_JM,http://http2.mlstatic.com/D_921432-MLA52140925321_102022-I.jpg,52270943,MLA352001,64999,Garantía del vendedor: 6 meses
MLA1275869904,Amazon Fire Tv Stick Lite De Voz Full Hd 8gb + Fuente 220v!,new,78499,ARS,0,https://articulo.mercadolibre.com.ar/MLA-1275869904-amazon-fire-tv-stick-lite-de-voz-full-hd-8gb-fuente-220v-_JM,http://http2.mlstatic.com/D_951781-MLA51505623321_092022-I.jpg,119671699,MLA352001,78499,Garantía de fábrica: 6 meses
MLA874505930,Amazon Fire Tv Stick 4k Hdr Control Por Voz Con Alexa ,new,87000,ARS,0,https://articulo.mercadolibre.com.ar/MLA-874505930-amazon-fire-tv-stick-4k-hdr-control-por-voz-con-alexa-_JM,http://http2.mlstatic.com/D_653013-MLA48431072015_122021-I.jpg,82274172,MLA352001,87000,Garantía del vendedor: 6 meses
MLA1545001988,Amazon Fire Tv Stick 4k Control De Voz 3.ª Gen 8gb 1.5gb Ram,new,94010,ARS,0,https://articulo.mercadolibre.com.ar/MLA-1545001988-amazon-fire-tv-stick-4k-control-de-voz-3-gen-8gb-15gb-ram-_JM,http://http2.mlstatic.com/D_605608-MLA72388262158_102023-I.jpg,1312428764,MLA352001,94010,Garantía del vendedor: 6 meses
MLA1369261961,Amazon Fire Tv Stick Lite Control De Voz Full Hd 8gb 1gb Ram,new,84999,ARS,0,https://articulo.mercadolibre.com.ar/MLA-1369261961-amazon-fire-tv-stick-lite-control-de-voz-full-hd-8gb-1gb-ram-_JM,http://http2.mlstatic.com/D_752249-MLA69339468528_052023-I.jpg,1002842391,MLA352001,84999,Sin garantía
MLA1811000372,Amazon Lite Fire Tv Stick B091g4yp57 De Voz 2.ª Full Hd 8gb,new,78399,ARS,0,https://articulo.mercadolibre.com.ar/MLA-1811000372-amazon-lite-fire-tv-stick-b091g4yp57-de-voz-2-full-hd-8gb-_JM,http://http2.mlstatic.com/D_921432-MLA52140925321_102022-I.jpg,209752538,MLA352001,78399,Garantía del vendedor: 3 meses
MLA1134829983,Reproductor Amazon Fire Tv Stick 4k Hdr Control Remoto Alexa,new,155285.1,ARS,0,https://articulo.mercadolibre.com.ar/MLA-1134829983-reproductor-amazon-fire-tv-stick-4k-hdr-control-remoto-alexa-_JM,http://http2.mlstatic.com/D_827856-MLA50282419902_062022-I.jpg,33291180,MLA352001,155285.1,Garantía del vendedor: 90 días
MLA1412833394,Amazon Fire Tv Stick 4k Last Version Cargador Orig. + Cuot.s,new,169998,ARS,0,https://articulo.mercadolibre.com.ar/MLA-1412833394-amazon-fire-tv-stick-4k-last-version-cargador-orig-cuots-_JM,http://http2.mlstatic.com/D_856996-MLU69145766705_042023-I.jpg,247639927,MLA352001,169998,Garantía del vendedor: 3 meses
MLA1407883790,Amazon Fire Tv Stick Lite Full Hd 8gb 1gb Ram Streaming Hbo,new,73999,ARS,0,https://articulo.mercadolibre.com.ar/MLA-1407883790-amazon-fire-tv-stick-lite-full-hd-8gb-1gb-ram-streaming-hbo-_JM,http://http2.mlstatic.com/D_868748-MLA54984164238_042023-I.jpg,701293922,MLA352001,73999,Garantía del vendedor: 6 meses
MLA1583102304,Amazon Fire Tv Stick Lite Edición 2022 De Voz  Full Hd 8gb ,new,84039,ARS,0,https://articulo.mercadolibre.com.ar/MLA-1583102304-amazon-fire-tv-stick-lite-edicion-2022-de-voz-full-hd-8gb-_JM,http://http2.mlstatic.com/D_921432-MLA52140925321_102022-I.jpg,148027380,MLA352001,84039,Garantía del vendedor: 3 meses
MLA1214650470,Amazon Fire Tv Stick 4k De Voz 4k 8gb Negro Con 1.5gb Ram,new,145999,ARS,0,https://articulo.mercadolibre.com.ar/MLA-1214650470-amazon-fire-tv-stick-4k-de-voz-4k-8gb-negro-con-15gb-ram-_JM,http://http2.mlstatic.com/D_870264-MLA74779449903_022024-I.jpg,227681028,MLA352001,145999,Garantía de fábrica: 6 meses
MLA1369051919,Amazon Fire Tv Stick 4k De Voz 3° Gen 8gb Cargador Original!,new,109998,ARS,0,https://articulo.mercadolibre.com.ar/MLA-1369051919-amazon-fire-tv-stick-4k-de-voz-3-gen-8gb-cargador-original-_JM,http://http2.mlstatic.com/D_856996-MLU69145766705_042023-I.jpg,247639927,MLA352001,109998,Garantía del vendedor: 3 meses
MLA1143423103,Tv Stick Amazon Fire Lite Full Hd Control Voz Bt Hdmi Gtia,new,76999,ARS,0,https://articulo.mercadolibre.com.ar/MLA-1143423103-tv-stick-amazon-fire-lite-full-hd-control-voz-bt-hdmi-gtia-_JM,http://http2.mlstatic.com/D_851607-MLA50433776623_062022-I.jpg,53971387,MLA352001,76999,Garantía del vendedor: 6 meses
MLA1813187988,Amazon Lite Fire Tv Stick  2.ª Generación Hd 8gb 1gb Ram,new,65000,ARS,0,https://articulo.mercadolibre.com.ar/MLA-1813187988-amazon-lite-fire-tv-stick-2-generacion-hd-8gb-1gb-ram-_JM,http://http2.mlstatic.com/D_921432-MLA52140925321_102022-I.jpg,1513101330,MLA352001,65000,Sin garantía
MLA1214656893,Amazon Fire Tv Stick 4k De Voz 4k 8gb Negro Con 1.5gb Ram,new,109999,ARS,0,https://articulo.mercadolibre.com.ar/MLA-1214656893-amazon-fire-tv-stick-4k-de-voz-4k-8gb-negro-con-15gb-ram-_JM,http://http2.mlstatic.com/D_870264-MLA74779449903_022024-I.jpg,227681028,MLA352001,109999,Garantía de fábrica: 6 meses
MLA1143410892,Amazon Fire Tv Stick Lite Control Voz Bt Hdmi Full Hd 8gb +,new,107999,ARS,0,https://articulo.mercadolibre.com.ar/MLA-1143410892-amazon-fire-tv-stick-lite-control-voz-bt-hdmi-full-hd-8gb--_JM,http://http2.mlstatic.com/D_709099-MLA50433794499_062022-I.jpg,53971387,MLA352001,107999,Garantía del vendedor: 6 meses
MLA1816455130,Amazon Lite Fire Tv Stick 2.ª Generación Full Hd 8gb Con 1gb,new,70000,ARS,0,https://articulo.mercadolibre.com.ar/MLA-1816455130-amazon-lite-fire-tv-stick-2-generacion-full-hd-8gb-con-1gb-_JM,http://http2.mlstatic.com/D_921432-MLA52140925321_102022-I.jpg,130326065,MLA352001,70000,Garantía del vendedor: 3 meses
MLA1143429135,Amazon Fire Tv Stick Lite Full Hd Control Por Voz Smart + ,new,107999,ARS,0,https://articulo.mercadolibre.com.ar/MLA-1143429135-amazon-fire-tv-stick-lite-full-hd-control-por-voz-smart--_JM,http://http2.mlstatic.com/D_649466-MLA50433787367_062022-I.jpg,45059170,MLA352001,107999,Garantía del vendedor: 6 meses
MLA1496806950,Amazon Fire Tv Stick Lite 2gen Full Hd 8gb Vemayme,new,109803.11,ARS,0,https://articulo.mercadolibre.com.ar/MLA-1496806950-amazon-fire-tv-stick-lite-2gen-full-hd-8gb-vemayme-_JM,http://http2.mlstatic.com/D_921432-MLA52140925321_102022-I.jpg,1014965859,MLA352001,109803.11,Garantía del vendedor: 3 meses
MLA1143409979,Amazon Fire Tv Stick Lite Full Hd Control Voz Smart Tv Hdmi,new,76999,ARS,0,https://articulo.mercadolibre.com.ar/MLA-1143409979-amazon-fire-tv-stick-lite-full-hd-control-voz-smart-tv-hdmi-_JM,http://http2.mlstatic.com/D_894501-MLA50433789291_062022-I.jpg,45059170,MLA352001,76999,Garantía del vendedor: 6 meses
MLA1368009333,Amazon Fire Tv Stick Lite Full Hd 8gb 1gb Ram Streaming,new,69999,ARS,0,https://articulo.mercadolibre.com.ar/MLA-1368009333-amazon-fire-tv-stick-lite-full-hd-8gb-1gb-ram-streaming-_JM,http://http2.mlstatic.com/D_781512-MLA54978291181_042023-I.jpg,701293922,MLA352001,69999,Garantía del vendedor: 6 meses
MLA1286072659,Amazon Fire Tv Stick Lite Con Cargador Cuot.s S/ Inter.s!,new,95886,ARS,0,https://articulo.mercadolibre.com.ar/MLA-1286072659-amazon-fire-tv-stick-lite-con-cargador-cuots-s-inters-_JM,http://http2.mlstatic.com/D_607710-MLA52963039024_122022-I.jpg,247639927,MLA352001,95886,Garantía del vendedor: 3 meses
MLA1404718091,Amazon Fire Tv Stick Lite Full Hd 3ra Generacion ,new,161752.0,ARS,0,https://articulo.mercadolibre.com.ar/MLA-1404718091-amazon-fire-tv-stick-lite-full-hd-3ra-generacion-_JM,http://http2.mlstatic.com/D_716660-MLA74247186939_012024-I.jpg,184755281,MLA352001,161752.0,Garantía del vendedor: 90 días
MLA1138176179,Amazon Fire Tv Stick Lite De Voz Full Hd 8gb Con Fuente,new,77500,ARS,0,https://articulo.mercadolibre.com.ar/MLA-1138176179-amazon-fire-tv-stick-lite-de-voz-full-hd-8gb-con-fuente-_JM,http://http2.mlstatic.com/D_972640-MLA44341353803_122020-I.jpg,199785787,MLA352001,77500,Garantía del vendedor: 6 meses
